{
    "name": "root",
    "gauges": {
        "MazeAgent.Policy.Entropy.mean": {
            "value": 1.2323846817016602,
            "min": 0.3703756034374237,
            "max": 1.4281516075134277,
            "count": 48
        },
        "MazeAgent.Policy.Entropy.sum": {
            "value": 2464.769287109375,
            "min": 740.751220703125,
            "max": 2856.30322265625,
            "count": 48
        },
        "MazeAgent.Step.mean": {
            "value": 95920.0,
            "min": 1920.0,
            "max": 95920.0,
            "count": 48
        },
        "MazeAgent.Step.sum": {
            "value": 95920.0,
            "min": 1920.0,
            "max": 95920.0,
            "count": 48
        },
        "MazeAgent.Policy.ExtrinsicValueEstimate.mean": {
            "value": 0.1896684467792511,
            "min": -4.531289577484131,
            "max": 0.768465518951416,
            "count": 48
        },
        "MazeAgent.Policy.ExtrinsicValueEstimate.sum": {
            "value": 3.0346951484680176,
            "min": -67.96934509277344,
            "max": 12.295448303222656,
            "count": 48
        },
        "MazeAgent.Environment.EpisodeLength.mean": {
            "value": 1999.0,
            "min": 1999.0,
            "max": 1999.0,
            "count": 48
        },
        "MazeAgent.Environment.EpisodeLength.sum": {
            "value": 1999.0,
            "min": 1999.0,
            "max": 1999.0,
            "count": 48
        },
        "MazeAgent.IsTraining.mean": {
            "value": 1.0,
            "min": 1.0,
            "max": 1.0,
            "count": 48
        },
        "MazeAgent.IsTraining.sum": {
            "value": 1.0,
            "min": 1.0,
            "max": 1.0,
            "count": 48
        },
        "MazeAgent.Environment.CumulativeReward.mean": {
            "value": -1.0000000484287739,
            "min": -1.4000000841915607,
            "max": 12.289683971554041,
            "count": 47
        },
        "MazeAgent.Environment.CumulativeReward.sum": {
            "value": -1.0000000484287739,
            "min": -1.4000000841915607,
            "max": 12.289683971554041,
            "count": 47
        },
        "MazeAgent.Policy.ExtrinsicReward.mean": {
            "value": -1.0000000484287739,
            "min": -1.4000000841915607,
            "max": 12.289683971554041,
            "count": 47
        },
        "MazeAgent.Policy.ExtrinsicReward.sum": {
            "value": -1.0000000484287739,
            "min": -1.4000000841915607,
            "max": 12.289683971554041,
            "count": 47
        },
        "MazeAgent.Losses.PolicyLoss.mean": {
            "value": 0.07107517728582025,
            "min": 0.055138930736575276,
            "max": 0.08498070793575607,
            "count": 45
        },
        "MazeAgent.Losses.PolicyLoss.sum": {
            "value": 0.07107517728582025,
            "min": 0.055138930736575276,
            "max": 0.08498070793575607,
            "count": 45
        },
        "MazeAgent.Losses.ValueLoss.mean": {
            "value": 0.0017612081695309219,
            "min": 0.0015470660825182374,
            "max": 20.0254073550265,
            "count": 45
        },
        "MazeAgent.Losses.ValueLoss.sum": {
            "value": 0.0017612081695309219,
            "min": 0.0015470660825182374,
            "max": 20.0254073550265,
            "count": 45
        },
        "MazeAgent.Policy.LearningRate.mean": {
            "value": 0.0002713008095664,
            "min": 0.0002713008095664,
            "max": 0.0002993616002128,
            "count": 45
        },
        "MazeAgent.Policy.LearningRate.sum": {
            "value": 0.0002713008095664,
            "min": 0.0002713008095664,
            "max": 0.0002993616002128,
            "count": 45
        },
        "MazeAgent.Policy.Epsilon.mean": {
            "value": 0.1904336,
            "min": 0.1904336,
            "max": 0.19978720000000003,
            "count": 45
        },
        "MazeAgent.Policy.Epsilon.sum": {
            "value": 0.1904336,
            "min": 0.1904336,
            "max": 0.19978720000000003,
            "count": 45
        },
        "MazeAgent.Policy.Beta.mean": {
            "value": 0.009044316640000001,
            "min": 0.009044316640000001,
            "max": 0.00997874128,
            "count": 45
        },
        "MazeAgent.Policy.Beta.sum": {
            "value": 0.009044316640000001,
            "min": 0.009044316640000001,
            "max": 0.00997874128,
            "count": 45
        }
    },
    "metadata": {
        "timer_format_version": "0.1.0",
        "start_time_seconds": "1629465383",
        "python_version": "3.7.9 (v3.7.9:13c94747c7, Aug 15 2020, 01:31:08) \n[Clang 6.0 (clang-600.0.57)]",
        "command_line_arguments": "/Library/Frameworks/Python.framework/Versions/3.7/bin/mlagents-learn config/ppo/MazeAgent.yaml --run-id MazeAgent_Mac2 --force",
        "mlagents_version": "0.27.0.dev0",
        "mlagents_envs_version": "0.27.0.dev0",
        "communication_protocol_version": "1.5.0",
        "pytorch_version": "1.7.1",
        "numpy_version": "1.18.5",
        "end_time_seconds": "1629466937"
    },
    "total": 1554.380069399,
    "count": 1,
    "self": 0.00758808799992039,
    "children": {
        "run_training.setup": {
            "total": 0.0847767389999996,
            "count": 1,
            "self": 0.0847767389999996
        },
        "TrainerController.start_learning": {
            "total": 1554.287704572,
            "count": 1,
            "self": 4.110798583974656,
            "children": {
                "TrainerController._reset_env": {
                    "total": 8.514321532,
                    "count": 1,
                    "self": 8.514321532
                },
                "TrainerController.advance": {
                    "total": 1541.3251903310254,
                    "count": 97518,
                    "self": 2.742102834987236,
                    "children": {
                        "env_step": {
                            "total": 1538.5830874960382,
                            "count": 97518,
                            "self": 1071.6728814620626,
                            "children": {
                                "SubprocessEnvManager._take_step": {
                                    "total": 464.89620998101077,
                                    "count": 97518,
                                    "self": 11.376818627003786,
                                    "children": {
                                        "TorchPolicy.evaluate": {
                                            "total": 453.519391354007,
                                            "count": 97518,
                                            "self": 94.33910761401978,
                                            "children": {
                                                "TorchPolicy.sample_actions": {
                                                    "total": 359.1802837399872,
                                                    "count": 97518,
                                                    "self": 359.1802837399872
                                                }
                                            }
                                        }
                                    }
                                },
                                "workers": {
                                    "total": 2.013996052964785,
                                    "count": 97517,
                                    "self": 0.0,
                                    "children": {
                                        "worker_root": {
                                            "total": 1547.5389389210077,
                                            "count": 97517,
                                            "is_parallel": true,