{"count":1,"self":15.157632,"total":57.280286399999994,"children":{"InitializeActuators":{"count":16,"self":0.0029977999999999997,"total":0.0029977999999999997,"children":null},"InitializeSensors":{"count":16,"self":0.0066186,"total":0.0066186,"children":null},"AgentSendState":{"count":4551,"self":1.4052194,"total":4.440668,"children":{"CollectObservations":{"count":12144,"self":0.18235849999999998,"total":0.18235849999999998,"children":null},"WriteActionMask":{"count":12144,"self":0.11189579999999999,"total":0.11189579999999999,"children":null},"RequestDecision":{"count":12144,"self":0.41401899999999997,"total":2.7411943,"children":{"AgentInfo.ToProto":{"count":12144,"self":0.3789846,"total":2.3271753,"children":{"GenerateSensorData":{"count":12144,"self":1.7567704,"total":1.9481906999999998,"children":{"RayPerceptionSensor.Perceive":{"count":12144,"self":0.19142019999999998,"total":0.19142019999999998,"children":null}}}}}}}}},"DecideAction":{"count":4551,"self":37.1967424,"total":37.1967408,"children":null},"AgentAct":{"count":4551,"self":0.4696354,"total":0.47163469999999996,"children":{"AgentInfo.ToProto":{"count":15,"self":0,"total":0.0019993,"children":{"GenerateSensorData":{"count":15,"self":0.0019993,"total":0.0019993,"children":{"RayPerceptionSensor.Perceive":{"count":15,"self":0,"total":0,"children":null}}}}}}},"AgentInfo.ToProto":{"count":1,"self":0,"total":0.00099969999999999985,"children":{"GenerateSensorData":{"count":1,"self":0.00099969999999999985,"total":0.00099969999999999985,"children":{"RayPerceptionSensor.Perceive":{"count":1,"self":0,"total":0,"children":null}}}}}},"gauges":{"Hallway.CumulativeReward":{"count":16,"max":0.0640259,"min":-0.9999696,"runningAverage":-0.933469951,"value":-0.9999696,"weightedAverage":-0.9857509}},"metadata":{"timer_format_version":"0.1.0","start_time_seconds":"1626229240","unity_version":"2020.3.13f1","command_line_arguments":"C:\\2020.3.13f1\\Editor\\Unity.exe -projectpath C:\/abertay\/CMP504Project\/source\/CMP504Project\/MazeAgent\/MazeAgent -useHub -hubIPC -cloudEnvironment production -skipUpgradeDialogs -hubSessionId 6f1b00f0-e41c-11eb-a9a6-8116afaee0da -accessToken pYa1CDR7mhhAWECPQ1mPEFebPH02JeAI4DYad31vqIo00cf","communication_protocol_version":"1.5.0","com.unity.ml-agents_version":"2.0.0-exp.1","scene_name":"Hallway","end_time_seconds":"1626229297"}}