{"count":1,"self":86.821894399999991,"total":355.5514111,"children":{"InitializeActuators":{"count":1,"self":0.0019979999999999998,"total":0.0019979999999999998,"children":null},"InitializeSensors":{"count":1,"self":0.0039984999999999995,"total":0.011994099999999999,"children":{"CreateObservableSensors":{"count":1,"self":0.0079956,"total":0.0079956,"children":null}}},"AgentSendState":{"count":21434,"self":3.2969353999999997,"total":50.121842099999995,"children":{"CollectObservations":{"count":21434,"self":0.4282255,"total":0.4282255,"children":null},"WriteActionMask":{"count":21434,"self":40.460448,"total":40.460447599999995,"children":null},"RequestDecision":{"count":21434,"self":0.92343389999999992,"total":5.9362335999999996,"children":{"AgentInfo.ToProto":{"count":21434,"self":0.8024918,"total":5.0127996999999995,"children":{"GenerateSensorData":{"count":21434,"self":3.8575432,"total":4.2103079,"children":{"RayPerceptionSensor.Perceive":{"count":21434,"self":0.3527648,"total":0.3527648,"children":null}}}}}}}}},"DecideAction":{"count":21434,"self":214.00965119999998,"total":214.009653,"children":null},"AgentAct":{"count":21434,"self":4.56503,"total":4.5830348,"children":{"AgentInfo.ToProto":{"count":107,"self":0.003002,"total":0.0180049,"children":{"GenerateSensorData":{"count":107,"self":0.0140031,"total":0.0150029,"children":{"RayPerceptionSensor.Perceive":{"count":107,"self":0.0009998,"total":0.0009998,"children":null}}}}}}}},"gauges":{"MazeAgent.CumulativeReward":{"count":107,"max":10.9563713,"min":0.9999992,"runningAverage":1.79565573,"value":2.11111283,"weightedAverage":2.751684}},"metadata":{"timer_format_version":"0.1.0","start_time_seconds":"1628298083","unity_version":"2020.3.13f1","command_line_arguments":"C:\\2020.3.13f1\\Editor\\Unity.exe -projectpath C:\/abertay\/CMP504Project\/source\/CMP504Project\/MazeAgent\/MazeAgent -useHub -hubIPC -cloudEnvironment production -hubSessionId 01b3e860-f6a0-11eb-8f0f-a375e7374c52 -accessToken 3AoPcNlzJhcWI-A6nyK02sOC4PLrqm03BtaERfRggKk00cf","communication_protocol_version":"1.5.0","com.unity.ml-agents_version":"2.1.0-exp.1","scene_name":"Startup","end_time_seconds":"1628298439"}}