{
    "name": "root",
    "gauges": {
        "MazeAgent.Policy.Entropy.mean": {
            "value": 1.2617148160934448,
            "min": 1.1924668550491333,
            "max": 1.3951818943023682,
            "count": 22
        },
        "MazeAgent.Policy.Entropy.sum": {
            "value": 2523.4296875,
            "min": 2384.93359375,
            "max": 2790.36376953125,
            "count": 22
        },
        "MazeAgent.Step.mean": {
            "value": 43920.0,
            "min": 1920.0,
            "max": 43920.0,
            "count": 22
        },
        "MazeAgent.Step.sum": {
            "value": 43920.0,
            "min": 1920.0,
            "max": 43920.0,
            "count": 22
        },
        "MazeAgent.Policy.ExtrinsicValueEstimate.mean": {
            "value": 1.0419213771820068,
            "min": -2.1440510749816895,
            "max": 1.3967671394348145,
            "count": 22
        },
        "MazeAgent.Policy.ExtrinsicValueEstimate.sum": {
            "value": 16.67074203491211,
            "min": -34.30481719970703,
            "max": 22.34827423095703,
            "count": 22
        },
        "MazeAgent.Environment.EpisodeLength.mean": {
            "value": 1999.0,
            "min": 1999.0,
            "max": 1999.0,
            "count": 22
        },
        "MazeAgent.Environment.EpisodeLength.sum": {
            "value": 1999.0,
            "min": 1999.0,
            "max": 1999.0,
            "count": 22
        },
        "MazeAgent.IsTraining.mean": {
            "value": 1.0,
            "min": 1.0,
            "max": 1.0,
            "count": 22
        },
        "MazeAgent.IsTraining.sum": {
            "value": 1.0,
            "min": 1.0,
            "max": 1.0,
            "count": 22
        },
        "MazeAgent.Environment.CumulativeReward.mean": {
            "value": 6.456350136548281,
            "min": 0.11111170426011086,
            "max": 17.28968482092023,
            "count": 21
        },
        "MazeAgent.Environment.CumulativeReward.sum": {
            "value": 6.456350136548281,
            "min": 0.11111170426011086,
            "max": 17.28968482092023,
            "count": 21
        },
        "MazeAgent.Policy.ExtrinsicReward.mean": {
            "value": 6.456350136548281,
            "min": 0.11111170426011086,
            "max": 17.28968482092023,
            "count": 21
        },
        "MazeAgent.Policy.ExtrinsicReward.sum": {
            "value": 6.456350136548281,
            "min": 0.11111170426011086,
            "max": 17.28968482092023,
            "count": 21
        },
        "MazeAgent.Losses.PolicyLoss.mean": {
            "value": 0.08624966557060058,
            "min": 0.05521178639416272,
            "max": 0.08624966557060058,
            "count": 20
        },
        "MazeAgent.Losses.PolicyLoss.sum": {
            "value": 0.08624966557060058,
            "min": 0.05521178639416272,
            "max": 0.08624966557060058,
            "count": 20
        },
        "MazeAgent.Losses.ValueLoss.mean": {
            "value": 0.08766242919955403,
            "min": 0.01637232979798379,
            "max": 0.5767179207565883,
            "count": 20
        },
        "MazeAgent.Losses.ValueLoss.sum": {
            "value": 0.08766242919955403,
            "min": 0.01637232979798379,
            "max": 0.5767179207565883,
            "count": 20
        },
        "MazeAgent.Policy.LearningRate.mean": {
            "value": 0.00028724640425119996,
            "min": 0.00028724640425119996,
            "max": 0.0002993616002128,
            "count": 20
        },
        "MazeAgent.Policy.LearningRate.sum": {
            "value": 0.00028724640425119996,
            "min": 0.00028724640425119996,
            "max": 0.0002993616002128,
            "count": 20
        },
        "MazeAgent.Policy.Epsilon.mean": {
            "value": 0.19574880000000003,
            "min": 0.19574880000000003,
            "max": 0.19978720000000003,
            "count": 20
        },
        "MazeAgent.Policy.Epsilon.sum": {
            "value": 0.19574880000000003,
            "min": 0.19574880000000003,
            "max": 0.19978720000000003,
            "count": 20
        },
        "MazeAgent.Policy.Beta.mean": {
            "value": 0.00957530512,
            "min": 0.00957530512,
            "max": 0.00997874128,
            "count": 20
        },
        "MazeAgent.Policy.Beta.sum": {
            "value": 0.00957530512,
            "min": 0.00957530512,
            "max": 0.00997874128,
            "count": 20
        }
    },
    "metadata": {
        "timer_format_version": "0.1.0",
        "start_time_seconds": "1630031679",
        "python_version": "3.7.9 (v3.7.9:13c94747c7, Aug 15 2020, 01:31:08) \n[Clang 6.0 (clang-600.0.57)]",
        "command_line_arguments": "/Library/Frameworks/Python.framework/Versions/3.7/bin/mlagents-learn config/ppo/MazeAgent.yaml --run-id MazeAgent_idiothetic_input",
        "mlagents_version": "0.27.0.dev0",
        "mlagents_envs_version": "0.27.0.dev0",
        "communication_protocol_version": "1.5.0",
        "pytorch_version": "1.7.1",
        "numpy_version": "1.18.5",
        "end_time_seconds": "1630032296"
    },
    "total": 616.544124481,
    "count": 1,
    "self": 0.00897532199996931,
    "children": {
        "run_training.setup": {
            "total": 0.07806120799999983,
            "count": 1,
            "self": 0.07806120799999983
        },
        "TrainerController.start_learning": {
            "total": 616.4570879510001,
            "count": 1,
            "self": 1.659493377002832,
            "children": {
                "TrainerController._reset_env": {
                    "total": 24.214220519999998,
                    "count": 1,
                    "self": 24.214220519999998
                },
                "TrainerController.advance": {
                    "total": 590.2460631379972,
                    "count": 45887,
                    "self": 1.2102428109978973,
                    "children": {
                        "env_step": {
                            "total": 589.0358203269993,
                            "count": 45887,
                            "self": 382.8694823289942,
                            "children": {
                                "SubprocessEnvManager._take_step": {
                                    "total": 205.34570379800095,
                                    "count": 45887,
                                    "self": 4.379076924003073,
                                    "children": {
                                        "TorchPolicy.evaluate": {
                                            "total": 200.96662687399788,
                                            "count": 45887,
                                            "self": 41.23311834499867,
                                            "children": {
                                                "TorchPolicy.sample_actions": {
                                                    "total": 159.7335085289992,
                                                    "count": 45887,
                                                    "self": 159.7335085289992
                                                }
                                            }
                                        }
                                    }
                                },
                                "workers": {
                                    "total": 0.8206342000041609,
                                    "count": 45886,
                                    "self": 0.0,
                                    "children": {
                                        "worker_root": {
                                            "total": 599.2440274319948,
                                            "count": 45886,
                                            "is_parallel": true,