{
    "name": "root",
    "gauges": {
        "MazeAgent.Policy.Entropy.mean": {
            "value": 0.7529423832893372,
            "min": 0.40219631791114807,
            "max": 1.3803790807724,
            "count": 140
        },
        "MazeAgent.Policy.Entropy.sum": {
            "value": 1505.884765625,
            "min": 804.3926391601562,
            "max": 2760.758056640625,
            "count": 140
        },
        "MazeAgent.Step.mean": {
            "value": 279920.0,
            "min": 1920.0,
            "max": 279920.0,
            "count": 140
        },
        "MazeAgent.Step.sum": {
            "value": 279920.0,
            "min": 1920.0,
            "max": 279920.0,
            "count": 140
        },
        "MazeAgent.Policy.ExtrinsicValueEstimate.mean": {
            "value": 0.39342549443244934,
            "min": -0.4896211624145508,
            "max": 1.923708200454712,
            "count": 140
        },
        "MazeAgent.Policy.ExtrinsicValueEstimate.sum": {
            "value": 6.2948079109191895,
            "min": -7.8339385986328125,
            "max": 30.77933120727539,
            "count": 140
        },
        "MazeAgent.Environment.EpisodeLength.mean": {
            "value": 1999.0,
            "min": 1999.0,
            "max": 1999.0,
            "count": 140
        },
        "MazeAgent.Environment.EpisodeLength.sum": {
            "value": 1999.0,
            "min": 1999.0,
            "max": 1999.0,
            "count": 140
        },
        "MazeAgent.IsTraining.mean": {
            "value": 1.0,
            "min": 1.0,
            "max": 1.0,
            "count": 140
        },
        "MazeAgent.IsTraining.sum": {
            "value": 1.0,
            "min": 1.0,
            "max": 1.0,
            "count": 140
        },
        "MazeAgent.Environment.CumulativeReward.mean": {
            "value": -1.0000000484287739,
            "min": -1.0000000484287739,
            "max": 27.289687555283308,
            "count": 139
        },
        "MazeAgent.Environment.CumulativeReward.sum": {
            "value": -1.0000000484287739,
            "min": -1.0000000484287739,
            "max": 27.289687555283308,
            "count": 139
        },
        "MazeAgent.Policy.ExtrinsicReward.mean": {
            "value": -1.0000000484287739,
            "min": -1.0000000484287739,
            "max": 27.289687555283308,
            "count": 139
        },
        "MazeAgent.Policy.ExtrinsicReward.sum": {
            "value": -1.0000000484287739,
            "min": -1.0000000484287739,
            "max": 27.289687555283308,
            "count": 139
        },
        "MazeAgent.Losses.PolicyLoss.mean": {
            "value": 0.05341779648248727,
            "min": 0.04719282812826956,
            "max": 0.08504227147204801,
            "count": 131
        },
        "MazeAgent.Losses.PolicyLoss.sum": {
            "value": 0.05341779648248727,
            "min": 0.04719282812826956,
            "max": 0.08504227147204801,
            "count": 131
        },
        "MazeAgent.Losses.ValueLoss.mean": {
            "value": 0.0032701829283420616,
            "min": 0.0005624243955632361,
            "max": 22.303444998130242,
            "count": 131
        },
        "MazeAgent.Losses.ValueLoss.sum": {
            "value": 0.0032701829283420616,
            "min": 0.0005624243955632361,
            "max": 22.303444998130242,
            "count": 131
        },
        "MazeAgent.Policy.LearningRate.mean": {
            "value": 0.00021648482783840004,
            "min": 0.00021648482783840004,
            "max": 0.0002993616002128,
            "count": 131
        },
        "MazeAgent.Policy.LearningRate.sum": {
            "value": 0.00021648482783840004,
            "min": 0.00021648482783840004,
            "max": 0.0002993616002128,
            "count": 131
        },
        "MazeAgent.Policy.Epsilon.mean": {
            "value": 0.17216160000000003,
            "min": 0.17216160000000003,
            "max": 0.19978720000000003,
            "count": 131
        },
        "MazeAgent.Policy.Epsilon.sum": {
            "value": 0.17216160000000003,
            "min": 0.17216160000000003,
            "max": 0.19978720000000003,
            "count": 131
        },
        "MazeAgent.Policy.Beta.mean": {
            "value": 0.0072189438399999995,
            "min": 0.0072189438399999995,
            "max": 0.00997874128,
            "count": 131
        },
        "MazeAgent.Policy.Beta.sum": {
            "value": 0.0072189438399999995,
            "min": 0.0072189438399999995,
            "max": 0.00997874128,
            "count": 131
        }
    },
    "metadata": {
        "timer_format_version": "0.1.0",
        "start_time_seconds": "1630033236",
        "python_version": "3.7.9 (v3.7.9:13c94747c7, Aug 15 2020, 01:31:08) \n[Clang 6.0 (clang-600.0.57)]",
        "command_line_arguments": "/Library/Frameworks/Python.framework/Versions/3.7/bin/mlagents-learn config/ppo/MazeAgent.yaml --run-id MazeAgent_idiothetic_input1",
        "mlagents_version": "0.27.0.dev0",
        "mlagents_envs_version": "0.27.0.dev0",
        "communication_protocol_version": "1.5.0",
        "pytorch_version": "1.7.1",
        "numpy_version": "1.18.5",
        "end_time_seconds": "1630037324"
    },
    "total": 4087.769178228,
    "count": 1,
    "self": 0.016153496999777417,
    "children": {
        "run_training.setup": {
            "total": 0.07685827099999987,
            "count": 1,
            "self": 0.07685827099999987
        },
        "TrainerController.start_learning": {
            "total": 4087.67616646,
            "count": 1,
            "self": 11.621599019057612,
            "children": {
                "TrainerController._reset_env": {
                    "total": 6.382858151,
                    "count": 1,
                    "self": 6.382858151
                },
                "TrainerController.advance": {
                    "total": 4068.9461039169423,
                    "count": 280217,
                    "self": 7.7147868010515595,
                    "children": {
                        "env_step": {
                            "total": 4061.2313171158908,
                            "count": 280217,
                            "self": 2749.966126961734,
                            "children": {
                                "SubprocessEnvManager._take_step": {
                                    "total": 1305.6003063500225,
                                    "count": 280217,
                                    "self": 29.83521328204438,
                                    "children": {
                                        "TorchPolicy.evaluate": {
                                            "total": 1275.7650930679781,
                                            "count": 280217,
                                            "self": 267.6529378028689,
                                            "children": {
                                                "TorchPolicy.sample_actions": {
                                                    "total": 1008.1121552651092,
                                                    "count": 280217,
                                                    "self": 1008.1121552651092
                                                }
                                            }
                                        }
                                    }
                                },
                                "workers": {
                                    "total": 5.664883804134288,
                                    "count": 280216,
                                    "self": 0.0,
                                    "children": {
                                        "worker_root": {
                                            "total": 4069.2691777860286,
                                            "count": 280216,