{"cameraMode":{"drawMode":0,"name":"Shaded","section":"Shading Mode"},"sceneLighting":true,"audioPlay":false,"sceneViewState":{"m_AlwaysRefresh":false,"showFog":true,"showSkybox":true,"showFlares":true,"showImageEffects":true,"showParticleSystems":true,"showVisualEffectGraphs":true,"m_FxEnabled":true},"in2DMode":false,"pivot":{"x":42.17792510986328,"y":15.257560729980469,"z":39.691139221191409},"rotation":{"x":0.21866953372955323,"y":0.020490027964115144,"z":-0.004592732526361942,"w":0.9755736589431763},"size":38.938331604003909,"orthographic":false}