{"cameraMode":{"drawMode":0,"name":"Shaded","section":"Shading Mode"},"sceneLighting":true,"audioPlay":false,"sceneViewState":{"m_AlwaysRefresh":false,"showFog":true,"showSkybox":true,"showFlares":true,"showImageEffects":true,"showParticleSystems":true,"showVisualEffectGraphs":true,"m_FxEnabled":true},"in2DMode":false,"pivot":{"x":49.667057037353519,"y":43.74375915527344,"z":-19.92563247680664},"rotation":{"x":0.27250179648399355,"y":-0.007216120138764381,"z":0.0020438015926629307,"w":0.9621267318725586},"size":9.78982925415039,"orthographic":false}