{"cameraMode":{"drawMode":0,"name":"Shaded","section":"Shading Mode"},"sceneLighting":true,"audioPlay":false,"sceneViewState":{"m_AlwaysRefresh":false,"showFog":true,"showSkybox":true,"showFlares":true,"showImageEffects":true,"showParticleSystems":true,"showVisualEffectGraphs":true,"m_FxEnabled":true},"in2DMode":false,"pivot":{"x":29.463787078857423,"y":5.3006792068481449,"z":15.9959077835083},"rotation":{"x":0.5818482637405396,"y":-0.0024396744556725027,"z":0.0017470895545557142,"w":0.813296377658844},"size":26.085952758789064,"orthographic":false}